{
  "images" : [
    {
      "idiom" : "iphone",
      "size" : "20x20",
      "scale" : "2x"
    },
    {
      "idiom" : "iphone",
      "size" : "20x20",
      "scale" : "3x"
    },
    {
      "size" : "29x29",
      "idiom" : "iphone",
      "filename" : "icon_29_2.png",
      "scale" : "2x"
    },
    {
      "size" : "29x29",
      "idiom" : "iphone",
      "filename" : "icon_29_3.png",
      "scale" : "3x"
    },
    {
      "size" : "40x40",
      "idiom" : "iphone",
      "filename" : "icon_40_2.png",
      "scale" : "2x"
    },
    {
      "size" : "40x40",
      "idiom" : "iphone",
      "filename" : "icon_40_3.png",
      "scale" : "3x"
    },
    {
      "size" : "60x60",
      "idiom" : "iphone",
      "filename" : "icon_60_2.png",
      "scale" : "2x"
    },
    {
      "size" : "60x60",
      "idiom" : "iphone",
      "filename" : "icon_60_3.png",
      "scale" : "3x"
    }
  ],
  "info" : {
    "version" : 1,
    "author" : "xcode"
  }
}